{"offline_id": "4a924094ae664294ac12cb7c23310314", "project_name": "yolov5", "start_time": 1733277635485, "stop_time": 1733277640137, "tags": [], "workspace": null, "resume_strategy": "create", "customer_error_reported": true, "customer_error_message": "Unexpected error detected in the user script: UnicodeDecodeError('charmap', b\"# Ultralytics YOLOv5 \\xf0\\x9f\\x9a\\x80, AGPL-3.0 license\\r\\n# COCO128 dataset https://www.kaggle.com/datasets/ultralytics/coco128 (first 128 images from COCO train2017) by Ultralytics\\r\\n# Example usage: python train.py --data coco128.yaml\\r\\n# parent\\r\\n# \\xe2\\x94\\x9c\\xe2\\x94\\x80\\xe2\\x94\\x80 yolov5\\r\\n# \\xe2\\x94\\x94\\xe2\\x94\\x80\\xe2\\x94\\x80 datasets\\r\\n#     \\xe2\\x94\\x94\\xe2\\x94\\x80\\xe2\\x94\\x80 coco128  \\xe2\\x86\\x90 downloads here (7 MB)\\r\\n\\r\\n# Train/val/test sets as 1) dir: path/to/imgs, 2) file: path/to/imgs.txt, or 3) list: [path/to/imgs1, path/to/imgs2, ..]\\r\\npath: ./Dataset # dataset root dir\\r\\ntrain: train/images # train images (relative to 'path') 128 images\\r\\nval: valid/images # val images (relative to 'path') 128 images\\r\\ntest: test/images # test images (optional)\\r\\n\\r\\n# Classes\\r\\nnames:\\r\\n  0: cat\\r\\n  1: dog\\r\\n  2: drone\\r\\n  3: person\\r\\n  4: pikachu\\r\\n\\r\\n# Download script/URL (optional)\\r\\ndownload: https://raw.githubusercontent.com/wprobst1/4273Project2/main/Dataset.zip\\r\\n\\r\\n\", 303, 304, 'character maps to <undefined>')", "user_provided_experiment_key": false, "comet_start_sourced": false}