{"payload":{"installed_packages":["argcomplete==3.5.1","attrs==24.2.0","autocommand==2.2.2","backports.tarfile==1.2.0","build==1.2.2.post1","cachecontrol==0.14.1","certifi==2024.8.30","charset-normalizer==3.4.0","cleo==2.1.0","click==8.1.7","colorama==0.4.6","comet-ml==3.47.4","configobj==5.0.9","contourpy==1.3.1","crashtest==0.4.1","cycler==0.12.1","distlib==0.3.9","dulwich==0.21.7","everett==3.1.0","fastjsonschema==2.20.0","filelock==3.16.1","fonttools==4.55.1","fsspec==2024.10.0","gitdb==4.0.11","gitpython==3.1.43","idna==3.10","importlib_metadata==8.0.0","inflect==7.3.1","installer==0.7.0","jaraco.classes==3.4.0","jaraco.collections==5.1.0","jaraco.context==5.3.0","jaraco.functools==4.0.1","jaraco.text==3.12.1","jinja2==3.1.4","jsonschema==4.23.0","jsonschema-specifications==2024.10.1","keyring==24.3.1","kiwisolver==1.4.7","markdown-it-py==3.0.0","markupsafe==3.0.2","matplotlib==3.9.3","mdurl==0.1.2","more-itertools==10.3.0","more-itertools==10.5.0","mpmath==1.3.0","msgpack==1.1.0","networkx==3.4.2","numpy==2.1.3","opencv-python==4.10.0.84","packaging==24.2","packaging==24.2","pandas==2.2.3","pexpect==4.9.0","pillow==11.0.0","pip==24.2","pip==24.3.1","pipx==1.7.1","pkginfo==1.11.2","platformdirs==4.2.2","platformdirs==4.3.6","poetry==1.8.4","poetry-core==1.9.1","poetry-plugin-export==1.8.0","psutil==6.1.0","ptyprocess==0.7.0","py-cpuinfo==9.0.0","pygments==2.18.0","pyparsing==3.2.0","pyproject_hooks==1.2.0","python-box==6.1.0","python-dateutil==2.9.0.post0","pytz==2024.2","pywin32-ctypes==0.2.3","pyyaml==6.0.2","rapidfuzz==3.10.1","referencing==0.35.1","requests==2.32.3","requests-toolbelt==1.0.0","rich==13.9.4","rpds-py==0.22.1","scipy==1.14.1","seaborn==0.13.2","semantic-version==2.10.0","sentry-sdk==2.19.0","setuptools==75.6.0","shellingham==1.5.4","simplejson==3.19.3","six==1.16.0","smmap==5.0.1","sympy==1.13.1","thop==0.1.1-2209072238","tomli==2.0.1","tomlkit==0.13.2","torch==2.5.1","torchvision==0.20.1","tqdm==4.67.1","trove-classifiers==2024.10.21.16","typeguard==4.3.0","typing_extensions==4.12.2","typing_extensions==4.12.2","tzdata==2024.2","ultralytics==8.3.40","ultralytics-thop==2.0.12","urllib3==2.2.3","userpath==1.9.2","virtualenv==20.27.1","wheel==0.43.0","wrapt==1.17.0","wurlitzer==3.1.1","zipp==3.19.2"],"message_id":1},"type":"installed_packages"}
{"payload":{"command":["train.py","--img","640","--batch","4","--epochs","3","--data","coco128.yaml","--weights","yolov5x.pt","--nosave","--cache"],"env":null,"hostname":"Wyatts_Laptop","ip":"10.9.72.113","machine":"AMD64","message_id":2,"os":"Windows-11-10.0.22631-SP0","os_release":"11","os_type":"Windows","pid":26200,"processor":"AMD64 Family 25 Model 80 Stepping 0, AuthenticAMD","python_exe":"C:\\Users\\Wyatt\\AppData\\Local\\Microsoft\\WindowsApps\\PythonSoftwareFoundation.Python.3.12_qbz5n2kfra8p0\\python.exe","python_version":"3.12.7","python_version_verbose":"3.12.7 (tags/v3.12.7:0b05ead, Oct  1 2024, 03:06:41) [MSC v.1941 64 bit (AMD64)]","user":"Wyatt"},"type":"system_details"}
{"payload":{"local_timestamp":1733277638825,"message_id":3,"param":{"paramName":"img","paramValue":640,"source":"cli","step":null}},"type":"parameter_msg"}
{"payload":{"local_timestamp":1733277638826,"message_id":4,"param":{"paramName":"batch","paramValue":4,"source":"cli","step":null}},"type":"parameter_msg"}
{"payload":{"local_timestamp":1733277638826,"message_id":5,"param":{"paramName":"epochs","paramValue":3,"source":"cli","step":null}},"type":"parameter_msg"}
{"payload":{"local_timestamp":1733277638826,"message_id":6,"param":{"paramName":"data","paramValue":"coco128.yaml","source":"cli","step":null}},"type":"parameter_msg"}
{"payload":{"local_timestamp":1733277638826,"message_id":7,"param":{"paramName":"weights","paramValue":"yolov5x.pt","source":"cli","step":null}},"type":"parameter_msg"}
{"payload":{"local_timestamp":1733277638826,"message_id":8,"param":{"paramName":"nosave","paramValue":true,"source":"cli","step":null}},"type":"parameter_msg"}
{"payload":{"local_timestamp":1733277638826,"message_id":9,"param":{"paramName":"cache","paramValue":true,"source":"cli","step":null}},"type":"parameter_msg"}
{"payload":{"local_timestamp":1733277638826,"message_id":10,"metric":{"epoch":null,"metricName":"sys.cpu.percent.avg","metricValue":0.0,"step":null}},"type":"metric_msg"}
{"payload":{"local_timestamp":1733277638826,"message_id":11,"metric":{"epoch":null,"metricName":"sys.ram.total","metricValue":14877257728,"step":null}},"type":"metric_msg"}
{"payload":{"local_timestamp":1733277638826,"message_id":12,"metric":{"epoch":null,"metricName":"sys.ram.used","metricValue":8687321088,"step":null}},"type":"metric_msg"}
{"payload":{"local_timestamp":1733277638826,"message_id":13,"metric":{"epoch":null,"metricName":"sys.ram.available","metricValue":6189936640,"step":null}},"type":"metric_msg"}
{"payload":{"local_timestamp":1733277638826,"message_id":14,"metric":{"epoch":null,"metricName":"sys.ram.percent.used","metricValue":58.4,"step":null}},"type":"metric_msg"}
{"payload":{"local_timestamp":1733277638826,"message_id":15,"metric":{"epoch":null,"metricName":"sys.load.avg","metricValue":0.0,"step":null}},"type":"metric_msg"}
{"payload":{"key":"offline_experiment","message_id":16,"value":true},"type":"log_other"}
{"payload":{"key":"Name","message_id":17,"value":"exp"},"type":"log_other"}
{"payload":{"local_timestamp":1733277638828,"message_id":18,"output":"Traceback (most recent call last):\n","stderr":true},"type":"standard_output"}
{"payload":{"local_timestamp":1733277638828,"message_id":19,"output":"  File \"C:\\Users\\Wyatt\\Documents\\GitHub\\4273Project2\\train.py\", line 986, in <module>\n","stderr":true},"type":"standard_output"}
{"payload":{"local_timestamp":1733277638830,"message_id":20,"output":"    ","stderr":true},"type":"standard_output"}
{"payload":{"local_timestamp":1733277638830,"message_id":21,"output":"main(opt)","stderr":true},"type":"standard_output"}
{"payload":{"local_timestamp":1733277638830,"message_id":22,"output":"\n","stderr":true},"type":"standard_output"}
{"payload":{"local_timestamp":1733277638830,"message_id":23,"output":"  File \"C:\\Users\\Wyatt\\Documents\\GitHub\\4273Project2\\train.py\", line 688, in main\n","stderr":true},"type":"standard_output"}
{"payload":{"local_timestamp":1733277638830,"message_id":24,"output":"    ","stderr":true},"type":"standard_output"}
{"payload":{"local_timestamp":1733277638830,"message_id":25,"output":"train(opt.hyp, opt, device, callbacks)","stderr":true},"type":"standard_output"}
{"payload":{"local_timestamp":1733277638830,"message_id":26,"output":"\n","stderr":true},"type":"standard_output"}
{"payload":{"local_timestamp":1733277638830,"message_id":27,"output":"  File \"C:\\Users\\Wyatt\\Documents\\GitHub\\4273Project2\\train.py\", line 180, in train\n","stderr":true},"type":"standard_output"}
{"payload":{"local_timestamp":1733277638831,"message_id":28,"output":"    ","stderr":true},"type":"standard_output"}
{"payload":{"local_timestamp":1733277638831,"message_id":29,"output":"loggers = Loggers(","stderr":true},"type":"standard_output"}
{"payload":{"local_timestamp":1733277638831,"message_id":30,"output":"\n","stderr":true},"type":"standard_output"}
{"payload":{"local_timestamp":1733277638831,"message_id":31,"output":" ","stderr":true},"type":"standard_output"}
{"payload":{"local_timestamp":1733277638831,"message_id":32,"output":" ","stderr":true},"type":"standard_output"}
{"payload":{"local_timestamp":1733277638831,"message_id":33,"output":" ","stderr":true},"type":"standard_output"}
{"payload":{"local_timestamp":1733277638831,"message_id":34,"output":" ","stderr":true},"type":"standard_output"}
{"payload":{"local_timestamp":1733277638831,"message_id":35,"output":" ","stderr":true},"type":"standard_output"}
{"payload":{"local_timestamp":1733277638831,"message_id":36,"output":" ","stderr":true},"type":"standard_output"}
{"payload":{"local_timestamp":1733277638831,"message_id":37,"output":" ","stderr":true},"type":"standard_output"}
{"payload":{"local_timestamp":1733277638831,"message_id":38,"output":" ","stderr":true},"type":"standard_output"}
{"payload":{"local_timestamp":1733277638831,"message_id":39,"output":" ","stderr":true},"type":"standard_output"}
{"payload":{"local_timestamp":1733277638831,"message_id":40,"output":" ","stderr":true},"type":"standard_output"}
{"payload":{"local_timestamp":1733277638831,"message_id":41,"output":" ","stderr":true},"type":"standard_output"}
{"payload":{"local_timestamp":1733277638831,"message_id":42,"output":" ","stderr":true},"type":"standard_output"}
{"payload":{"local_timestamp":1733277638832,"message_id":43,"output":" ","stderr":true},"type":"standard_output"}
{"payload":{"local_timestamp":1733277638832,"message_id":44,"output":" ","stderr":true},"type":"standard_output"}
{"payload":{"local_timestamp":1733277638832,"message_id":45,"output":"^","stderr":true},"type":"standard_output"}
{"payload":{"local_timestamp":1733277638832,"message_id":46,"output":"^","stderr":true},"type":"standard_output"}
{"payload":{"local_timestamp":1733277638832,"message_id":47,"output":"^","stderr":true},"type":"standard_output"}
{"payload":{"local_timestamp":1733277638832,"message_id":48,"output":"^","stderr":true},"type":"standard_output"}
{"payload":{"local_timestamp":1733277638832,"message_id":49,"output":"^","stderr":true},"type":"standard_output"}
{"payload":{"local_timestamp":1733277638832,"message_id":50,"output":"^","stderr":true},"type":"standard_output"}
{"payload":{"local_timestamp":1733277638832,"message_id":51,"output":"^","stderr":true},"type":"standard_output"}
{"payload":{"local_timestamp":1733277638832,"message_id":52,"output":"^","stderr":true},"type":"standard_output"}
{"payload":{"local_timestamp":1733277638832,"message_id":53,"output":"\n","stderr":true},"type":"standard_output"}
{"payload":{"local_timestamp":1733277638832,"message_id":54,"output":"  File \"C:\\Users\\Wyatt\\Documents\\GitHub\\4273Project2\\utils\\loggers\\__init__.py\", line 153, in __init__\n","stderr":true},"type":"standard_output"}
{"payload":{"local_timestamp":1733277638832,"message_id":55,"output":"    ","stderr":true},"type":"standard_output"}
{"payload":{"local_timestamp":1733277638832,"message_id":56,"output":"self.comet_logger = CometLogger(self.opt, self.hyp)","stderr":true},"type":"standard_output"}
{"payload":{"local_timestamp":1733277638832,"message_id":57,"output":"\n","stderr":true},"type":"standard_output"}
{"payload":{"local_timestamp":1733277638832,"message_id":58,"output":" ","stderr":true},"type":"standard_output"}
{"payload":{"local_timestamp":1733277638832,"message_id":59,"output":" ","stderr":true},"type":"standard_output"}
{"payload":{"local_timestamp":1733277638832,"message_id":60,"output":" ","stderr":true},"type":"standard_output"}
{"payload":{"local_timestamp":1733277638832,"message_id":61,"output":" ","stderr":true},"type":"standard_output"}
{"payload":{"local_timestamp":1733277638832,"message_id":62,"output":" ","stderr":true},"type":"standard_output"}
{"payload":{"local_timestamp":1733277638832,"message_id":63,"output":" ","stderr":true},"type":"standard_output"}
{"payload":{"local_timestamp":1733277638832,"message_id":64,"output":" ","stderr":true},"type":"standard_output"}
{"payload":{"local_timestamp":1733277638832,"message_id":65,"output":" ","stderr":true},"type":"standard_output"}
{"payload":{"local_timestamp":1733277638833,"message_id":66,"output":" ","stderr":true},"type":"standard_output"}
{"payload":{"local_timestamp":1733277638833,"message_id":67,"output":" ","stderr":true},"type":"standard_output"}
{"payload":{"local_timestamp":1733277638833,"message_id":68,"output":" ","stderr":true},"type":"standard_output"}
{"payload":{"local_timestamp":1733277638833,"message_id":69,"output":" ","stderr":true},"type":"standard_output"}
{"payload":{"local_timestamp":1733277638833,"message_id":70,"output":" ","stderr":true},"type":"standard_output"}
{"payload":{"local_timestamp":1733277638833,"message_id":71,"output":" ","stderr":true},"type":"standard_output"}
{"payload":{"local_timestamp":1733277638833,"message_id":72,"output":" ","stderr":true},"type":"standard_output"}
{"payload":{"local_timestamp":1733277638833,"message_id":73,"output":" ","stderr":true},"type":"standard_output"}
{"payload":{"local_timestamp":1733277638833,"message_id":74,"output":" ","stderr":true},"type":"standard_output"}
{"payload":{"local_timestamp":1733277638833,"message_id":75,"output":" ","stderr":true},"type":"standard_output"}
{"payload":{"local_timestamp":1733277638833,"message_id":76,"output":" ","stderr":true},"type":"standard_output"}
{"payload":{"local_timestamp":1733277638833,"message_id":77,"output":" ","stderr":true},"type":"standard_output"}
{"payload":{"local_timestamp":1733277638833,"message_id":78,"output":" ","stderr":true},"type":"standard_output"}
{"payload":{"local_timestamp":1733277638833,"message_id":79,"output":" ","stderr":true},"type":"standard_output"}
{"payload":{"local_timestamp":1733277638833,"message_id":80,"output":" ","stderr":true},"type":"standard_output"}
{"payload":{"local_timestamp":1733277638833,"message_id":81,"output":" ","stderr":true},"type":"standard_output"}
{"payload":{"local_timestamp":1733277638833,"message_id":82,"output":"^","stderr":true},"type":"standard_output"}
{"payload":{"local_timestamp":1733277638833,"message_id":83,"output":"^","stderr":true},"type":"standard_output"}
{"payload":{"local_timestamp":1733277638833,"message_id":84,"output":"^","stderr":true},"type":"standard_output"}
{"payload":{"local_timestamp":1733277638833,"message_id":85,"output":"^","stderr":true},"type":"standard_output"}
{"payload":{"local_timestamp":1733277638833,"message_id":86,"output":"^","stderr":true},"type":"standard_output"}
{"payload":{"local_timestamp":1733277638833,"message_id":87,"output":"^","stderr":true},"type":"standard_output"}
{"payload":{"local_timestamp":1733277638833,"message_id":88,"output":"^","stderr":true},"type":"standard_output"}
{"payload":{"local_timestamp":1733277638833,"message_id":89,"output":"^","stderr":true},"type":"standard_output"}
{"payload":{"local_timestamp":1733277638833,"message_id":90,"output":"^","stderr":true},"type":"standard_output"}
{"payload":{"local_timestamp":1733277638833,"message_id":91,"output":"^","stderr":true},"type":"standard_output"}
{"payload":{"local_timestamp":1733277638833,"message_id":92,"output":"^","stderr":true},"type":"standard_output"}
{"payload":{"local_timestamp":1733277638833,"message_id":93,"output":"^","stderr":true},"type":"standard_output"}
{"payload":{"local_timestamp":1733277638833,"message_id":94,"output":"^","stderr":true},"type":"standard_output"}
{"payload":{"local_timestamp":1733277638833,"message_id":95,"output":"^","stderr":true},"type":"standard_output"}
{"payload":{"local_timestamp":1733277638833,"message_id":96,"output":"^","stderr":true},"type":"standard_output"}
{"payload":{"local_timestamp":1733277638833,"message_id":97,"output":"^","stderr":true},"type":"standard_output"}
{"payload":{"local_timestamp":1733277638833,"message_id":98,"output":"^","stderr":true},"type":"standard_output"}
{"payload":{"local_timestamp":1733277638833,"message_id":99,"output":"^","stderr":true},"type":"standard_output"}
{"payload":{"local_timestamp":1733277638833,"message_id":100,"output":"^","stderr":true},"type":"standard_output"}
{"payload":{"local_timestamp":1733277638833,"message_id":101,"output":"^","stderr":true},"type":"standard_output"}
{"payload":{"local_timestamp":1733277638833,"message_id":102,"output":"^","stderr":true},"type":"standard_output"}
{"payload":{"local_timestamp":1733277638833,"message_id":103,"output":"^","stderr":true},"type":"standard_output"}
{"payload":{"local_timestamp":1733277638833,"message_id":104,"output":"^","stderr":true},"type":"standard_output"}
{"payload":{"local_timestamp":1733277638833,"message_id":105,"output":"^","stderr":true},"type":"standard_output"}
{"payload":{"local_timestamp":1733277638833,"message_id":106,"output":"^","stderr":true},"type":"standard_output"}
{"payload":{"local_timestamp":1733277638833,"message_id":107,"output":"^","stderr":true},"type":"standard_output"}
{"payload":{"local_timestamp":1733277638833,"message_id":108,"output":"^","stderr":true},"type":"standard_output"}
{"payload":{"local_timestamp":1733277638833,"message_id":109,"output":"^","stderr":true},"type":"standard_output"}
{"payload":{"local_timestamp":1733277638833,"message_id":110,"output":"^","stderr":true},"type":"standard_output"}
{"payload":{"local_timestamp":1733277638833,"message_id":111,"output":"^","stderr":true},"type":"standard_output"}
{"payload":{"local_timestamp":1733277638833,"message_id":112,"output":"^","stderr":true},"type":"standard_output"}
{"payload":{"local_timestamp":1733277638833,"message_id":113,"output":"\n","stderr":true},"type":"standard_output"}
{"payload":{"local_timestamp":1733277638834,"message_id":114,"output":"  File \"C:\\Users\\Wyatt\\Documents\\GitHub\\4273Project2\\utils\\loggers\\comet\\__init__.py\", line 102, in __init__\n","stderr":true},"type":"standard_output"}
{"payload":{"local_timestamp":1733277638834,"message_id":115,"output":"    ","stderr":true},"type":"standard_output"}
{"payload":{"local_timestamp":1733277638834,"message_id":116,"output":"self.data_dict = self.check_dataset(self.opt.data)","stderr":true},"type":"standard_output"}
{"payload":{"local_timestamp":1733277638834,"message_id":117,"output":"\n","stderr":true},"type":"standard_output"}
{"payload":{"local_timestamp":1733277638834,"message_id":118,"output":" ","stderr":true},"type":"standard_output"}
{"payload":{"local_timestamp":1733277638834,"message_id":119,"output":" ","stderr":true},"type":"standard_output"}
{"payload":{"local_timestamp":1733277638834,"message_id":120,"output":" ","stderr":true},"type":"standard_output"}
{"payload":{"local_timestamp":1733277638834,"message_id":121,"output":" ","stderr":true},"type":"standard_output"}
{"payload":{"local_timestamp":1733277638834,"message_id":122,"output":" ","stderr":true},"type":"standard_output"}
{"payload":{"local_timestamp":1733277638834,"message_id":123,"output":" ","stderr":true},"type":"standard_output"}
{"payload":{"local_timestamp":1733277638834,"message_id":124,"output":" ","stderr":true},"type":"standard_output"}
{"payload":{"local_timestamp":1733277638834,"message_id":125,"output":" ","stderr":true},"type":"standard_output"}
{"payload":{"local_timestamp":1733277638834,"message_id":126,"output":" ","stderr":true},"type":"standard_output"}
{"payload":{"local_timestamp":1733277638834,"message_id":127,"output":" ","stderr":true},"type":"standard_output"}
{"payload":{"local_timestamp":1733277638834,"message_id":128,"output":" ","stderr":true},"type":"standard_output"}
{"payload":{"local_timestamp":1733277638834,"message_id":129,"output":" ","stderr":true},"type":"standard_output"}
{"payload":{"local_timestamp":1733277638834,"message_id":130,"output":" ","stderr":true},"type":"standard_output"}
{"payload":{"local_timestamp":1733277638834,"message_id":131,"output":" ","stderr":true},"type":"standard_output"}
{"payload":{"local_timestamp":1733277638834,"message_id":132,"output":" ","stderr":true},"type":"standard_output"}
{"payload":{"local_timestamp":1733277638834,"message_id":133,"output":" ","stderr":true},"type":"standard_output"}
{"payload":{"local_timestamp":1733277638834,"message_id":134,"output":" ","stderr":true},"type":"standard_output"}
{"payload":{"local_timestamp":1733277638834,"message_id":135,"output":" ","stderr":true},"type":"standard_output"}
{"payload":{"local_timestamp":1733277638834,"message_id":136,"output":" ","stderr":true},"type":"standard_output"}
{"payload":{"local_timestamp":1733277638834,"message_id":137,"output":" ","stderr":true},"type":"standard_output"}
{"payload":{"local_timestamp":1733277638834,"message_id":138,"output":" ","stderr":true},"type":"standard_output"}
{"payload":{"local_timestamp":1733277638834,"message_id":139,"output":"^","stderr":true},"type":"standard_output"}
{"payload":{"local_timestamp":1733277638834,"message_id":140,"output":"^","stderr":true},"type":"standard_output"}
{"payload":{"local_timestamp":1733277638834,"message_id":141,"output":"^","stderr":true},"type":"standard_output"}
{"payload":{"local_timestamp":1733277638834,"message_id":142,"output":"^","stderr":true},"type":"standard_output"}
{"payload":{"local_timestamp":1733277638834,"message_id":143,"output":"^","stderr":true},"type":"standard_output"}
{"payload":{"local_timestamp":1733277638834,"message_id":144,"output":"^","stderr":true},"type":"standard_output"}
{"payload":{"local_timestamp":1733277638834,"message_id":145,"output":"^","stderr":true},"type":"standard_output"}
{"payload":{"local_timestamp":1733277638834,"message_id":146,"output":"^","stderr":true},"type":"standard_output"}
{"payload":{"local_timestamp":1733277638834,"message_id":147,"output":"^","stderr":true},"type":"standard_output"}
{"payload":{"local_timestamp":1733277638834,"message_id":148,"output":"^","stderr":true},"type":"standard_output"}
{"payload":{"local_timestamp":1733277638834,"message_id":149,"output":"^","stderr":true},"type":"standard_output"}
{"payload":{"local_timestamp":1733277638834,"message_id":150,"output":"^","stderr":true},"type":"standard_output"}
{"payload":{"local_timestamp":1733277638834,"message_id":151,"output":"^","stderr":true},"type":"standard_output"}
{"payload":{"local_timestamp":1733277638834,"message_id":152,"output":"^","stderr":true},"type":"standard_output"}
{"payload":{"local_timestamp":1733277638834,"message_id":153,"output":"^","stderr":true},"type":"standard_output"}
{"payload":{"local_timestamp":1733277638834,"message_id":154,"output":"^","stderr":true},"type":"standard_output"}
{"payload":{"local_timestamp":1733277638834,"message_id":155,"output":"^","stderr":true},"type":"standard_output"}
{"payload":{"local_timestamp":1733277638834,"message_id":156,"output":"^","stderr":true},"type":"standard_output"}
{"payload":{"local_timestamp":1733277638834,"message_id":157,"output":"^","stderr":true},"type":"standard_output"}
{"payload":{"local_timestamp":1733277638834,"message_id":158,"output":"^","stderr":true},"type":"standard_output"}
{"payload":{"local_timestamp":1733277638834,"message_id":159,"output":"^","stderr":true},"type":"standard_output"}
{"payload":{"local_timestamp":1733277638834,"message_id":160,"output":"^","stderr":true},"type":"standard_output"}
{"payload":{"local_timestamp":1733277638834,"message_id":161,"output":"^","stderr":true},"type":"standard_output"}
{"payload":{"local_timestamp":1733277638834,"message_id":162,"output":"^","stderr":true},"type":"standard_output"}
{"payload":{"local_timestamp":1733277638834,"message_id":163,"output":"^","stderr":true},"type":"standard_output"}
{"payload":{"local_timestamp":1733277638834,"message_id":164,"output":"^","stderr":true},"type":"standard_output"}
{"payload":{"local_timestamp":1733277638834,"message_id":165,"output":"^","stderr":true},"type":"standard_output"}
{"payload":{"local_timestamp":1733277638834,"message_id":166,"output":"^","stderr":true},"type":"standard_output"}
{"payload":{"local_timestamp":1733277638834,"message_id":167,"output":"^","stderr":true},"type":"standard_output"}
{"payload":{"local_timestamp":1733277638834,"message_id":168,"output":"^","stderr":true},"type":"standard_output"}
{"payload":{"local_timestamp":1733277638834,"message_id":169,"output":"^","stderr":true},"type":"standard_output"}
{"payload":{"local_timestamp":1733277638834,"message_id":170,"output":"^","stderr":true},"type":"standard_output"}
{"payload":{"local_timestamp":1733277638834,"message_id":171,"output":"^","stderr":true},"type":"standard_output"}
{"payload":{"local_timestamp":1733277638835,"message_id":172,"output":"\n","stderr":true},"type":"standard_output"}
{"payload":{"local_timestamp":1733277638835,"message_id":173,"output":"  File \"C:\\Users\\Wyatt\\Documents\\GitHub\\4273Project2\\utils\\loggers\\comet\\__init__.py\", line 252, in check_dataset\n","stderr":true},"type":"standard_output"}
{"payload":{"local_timestamp":1733277638836,"message_id":174,"output":"    ","stderr":true},"type":"standard_output"}
{"payload":{"local_timestamp":1733277638836,"message_id":175,"output":"data_config = yaml.safe_load(f)","stderr":true},"type":"standard_output"}
{"payload":{"local_timestamp":1733277638836,"message_id":176,"output":"\n","stderr":true},"type":"standard_output"}
{"payload":{"local_timestamp":1733277638836,"message_id":177,"output":" ","stderr":true},"type":"standard_output"}
{"payload":{"local_timestamp":1733277638836,"message_id":178,"output":" ","stderr":true},"type":"standard_output"}
{"payload":{"local_timestamp":1733277638836,"message_id":179,"output":" ","stderr":true},"type":"standard_output"}
{"payload":{"local_timestamp":1733277638836,"message_id":180,"output":" ","stderr":true},"type":"standard_output"}
{"payload":{"local_timestamp":1733277638836,"message_id":181,"output":" ","stderr":true},"type":"standard_output"}
{"payload":{"local_timestamp":1733277638836,"message_id":182,"output":" ","stderr":true},"type":"standard_output"}
{"payload":{"local_timestamp":1733277638836,"message_id":183,"output":" ","stderr":true},"type":"standard_output"}
{"payload":{"local_timestamp":1733277638836,"message_id":184,"output":" ","stderr":true},"type":"standard_output"}
{"payload":{"local_timestamp":1733277638836,"message_id":185,"output":" ","stderr":true},"type":"standard_output"}
{"payload":{"local_timestamp":1733277638836,"message_id":186,"output":" ","stderr":true},"type":"standard_output"}
{"payload":{"local_timestamp":1733277638836,"message_id":187,"output":" ","stderr":true},"type":"standard_output"}
{"payload":{"local_timestamp":1733277638836,"message_id":188,"output":" ","stderr":true},"type":"standard_output"}
{"payload":{"local_timestamp":1733277638836,"message_id":189,"output":" ","stderr":true},"type":"standard_output"}
{"payload":{"local_timestamp":1733277638836,"message_id":190,"output":" ","stderr":true},"type":"standard_output"}
{"payload":{"local_timestamp":1733277638836,"message_id":191,"output":" ","stderr":true},"type":"standard_output"}
{"payload":{"local_timestamp":1733277638836,"message_id":192,"output":" ","stderr":true},"type":"standard_output"}
{"payload":{"local_timestamp":1733277638836,"message_id":193,"output":" ","stderr":true},"type":"standard_output"}
{"payload":{"local_timestamp":1733277638836,"message_id":194,"output":" ","stderr":true},"type":"standard_output"}
{"payload":{"local_timestamp":1733277638836,"message_id":195,"output":"^","stderr":true},"type":"standard_output"}
{"payload":{"local_timestamp":1733277638836,"message_id":196,"output":"^","stderr":true},"type":"standard_output"}
{"payload":{"local_timestamp":1733277638836,"message_id":197,"output":"^","stderr":true},"type":"standard_output"}
{"payload":{"local_timestamp":1733277638836,"message_id":198,"output":"^","stderr":true},"type":"standard_output"}
{"payload":{"local_timestamp":1733277638836,"message_id":199,"output":"^","stderr":true},"type":"standard_output"}
{"payload":{"local_timestamp":1733277638836,"message_id":200,"output":"^","stderr":true},"type":"standard_output"}
{"payload":{"local_timestamp":1733277638836,"message_id":201,"output":"^","stderr":true},"type":"standard_output"}
{"payload":{"local_timestamp":1733277638836,"message_id":202,"output":"^","stderr":true},"type":"standard_output"}
{"payload":{"local_timestamp":1733277638836,"message_id":203,"output":"^","stderr":true},"type":"standard_output"}
{"payload":{"local_timestamp":1733277638836,"message_id":204,"output":"^","stderr":true},"type":"standard_output"}
{"payload":{"local_timestamp":1733277638836,"message_id":205,"output":"^","stderr":true},"type":"standard_output"}
{"payload":{"local_timestamp":1733277638836,"message_id":206,"output":"^","stderr":true},"type":"standard_output"}
{"payload":{"local_timestamp":1733277638836,"message_id":207,"output":"^","stderr":true},"type":"standard_output"}
{"payload":{"local_timestamp":1733277638836,"message_id":208,"output":"^","stderr":true},"type":"standard_output"}
{"payload":{"local_timestamp":1733277638836,"message_id":209,"output":"^","stderr":true},"type":"standard_output"}
{"payload":{"local_timestamp":1733277638836,"message_id":210,"output":"^","stderr":true},"type":"standard_output"}
{"payload":{"local_timestamp":1733277638836,"message_id":211,"output":"^","stderr":true},"type":"standard_output"}
{"payload":{"local_timestamp":1733277638837,"message_id":212,"output":"\n","stderr":true},"type":"standard_output"}
{"payload":{"local_timestamp":1733277638837,"message_id":213,"output":"  File \"C:\\Users\\Wyatt\\AppData\\Local\\Packages\\PythonSoftwareFoundation.Python.3.12_qbz5n2kfra8p0\\LocalCache\\local-packages\\Python312\\site-packages\\yaml\\__init__.py\", line 125, in safe_load\n","stderr":true},"type":"standard_output"}
{"payload":{"local_timestamp":1733277638837,"message_id":214,"output":"    ","stderr":true},"type":"standard_output"}
{"payload":{"local_timestamp":1733277638837,"message_id":215,"output":"return load(stream, SafeLoader)","stderr":true},"type":"standard_output"}
{"payload":{"local_timestamp":1733277638837,"message_id":216,"output":"\n","stderr":true},"type":"standard_output"}
{"payload":{"local_timestamp":1733277638837,"message_id":217,"output":" ","stderr":true},"type":"standard_output"}
{"payload":{"local_timestamp":1733277638837,"message_id":218,"output":" ","stderr":true},"type":"standard_output"}
{"payload":{"local_timestamp":1733277638837,"message_id":219,"output":" ","stderr":true},"type":"standard_output"}
{"payload":{"local_timestamp":1733277638837,"message_id":220,"output":" ","stderr":true},"type":"standard_output"}
{"payload":{"local_timestamp":1733277638837,"message_id":221,"output":" ","stderr":true},"type":"standard_output"}
{"payload":{"local_timestamp":1733277638837,"message_id":222,"output":" ","stderr":true},"type":"standard_output"}
{"payload":{"local_timestamp":1733277638837,"message_id":223,"output":" ","stderr":true},"type":"standard_output"}
{"payload":{"local_timestamp":1733277638837,"message_id":224,"output":" ","stderr":true},"type":"standard_output"}
{"payload":{"local_timestamp":1733277638837,"message_id":225,"output":" ","stderr":true},"type":"standard_output"}
{"payload":{"local_timestamp":1733277638837,"message_id":226,"output":" ","stderr":true},"type":"standard_output"}
{"payload":{"local_timestamp":1733277638837,"message_id":227,"output":" ","stderr":true},"type":"standard_output"}
{"payload":{"local_timestamp":1733277638837,"message_id":228,"output":"^","stderr":true},"type":"standard_output"}
{"payload":{"local_timestamp":1733277638837,"message_id":229,"output":"^","stderr":true},"type":"standard_output"}
{"payload":{"local_timestamp":1733277638837,"message_id":230,"output":"^","stderr":true},"type":"standard_output"}
{"payload":{"local_timestamp":1733277638837,"message_id":231,"output":"^","stderr":true},"type":"standard_output"}
{"payload":{"local_timestamp":1733277638837,"message_id":232,"output":"^","stderr":true},"type":"standard_output"}
{"payload":{"local_timestamp":1733277638837,"message_id":233,"output":"^","stderr":true},"type":"standard_output"}
{"payload":{"local_timestamp":1733277638837,"message_id":234,"output":"^","stderr":true},"type":"standard_output"}
{"payload":{"local_timestamp":1733277638837,"message_id":235,"output":"^","stderr":true},"type":"standard_output"}
{"payload":{"local_timestamp":1733277638837,"message_id":236,"output":"^","stderr":true},"type":"standard_output"}
{"payload":{"local_timestamp":1733277638837,"message_id":237,"output":"^","stderr":true},"type":"standard_output"}
{"payload":{"local_timestamp":1733277638837,"message_id":238,"output":"^","stderr":true},"type":"standard_output"}
{"payload":{"local_timestamp":1733277638838,"message_id":239,"output":"^","stderr":true},"type":"standard_output"}
{"payload":{"local_timestamp":1733277638838,"message_id":240,"output":"^","stderr":true},"type":"standard_output"}
{"payload":{"local_timestamp":1733277638838,"message_id":241,"output":"^","stderr":true},"type":"standard_output"}
{"payload":{"local_timestamp":1733277638838,"message_id":242,"output":"^","stderr":true},"type":"standard_output"}
{"payload":{"local_timestamp":1733277638838,"message_id":243,"output":"^","stderr":true},"type":"standard_output"}
{"payload":{"local_timestamp":1733277638838,"message_id":244,"output":"^","stderr":true},"type":"standard_output"}
{"payload":{"local_timestamp":1733277638838,"message_id":245,"output":"^","stderr":true},"type":"standard_output"}
{"payload":{"local_timestamp":1733277638838,"message_id":246,"output":"^","stderr":true},"type":"standard_output"}
{"payload":{"local_timestamp":1733277638838,"message_id":247,"output":"^","stderr":true},"type":"standard_output"}
{"payload":{"local_timestamp":1733277638838,"message_id":248,"output":"^","stderr":true},"type":"standard_output"}
{"payload":{"local_timestamp":1733277638838,"message_id":249,"output":"^","stderr":true},"type":"standard_output"}
{"payload":{"local_timestamp":1733277638838,"message_id":250,"output":"^","stderr":true},"type":"standard_output"}
{"payload":{"local_timestamp":1733277638838,"message_id":251,"output":"^","stderr":true},"type":"standard_output"}
{"payload":{"local_timestamp":1733277638838,"message_id":252,"output":"\n","stderr":true},"type":"standard_output"}
{"payload":{"local_timestamp":1733277638838,"message_id":253,"output":"  File \"C:\\Users\\Wyatt\\AppData\\Local\\Packages\\PythonSoftwareFoundation.Python.3.12_qbz5n2kfra8p0\\LocalCache\\local-packages\\Python312\\site-packages\\yaml\\__init__.py\", line 79, in load\n","stderr":true},"type":"standard_output"}
{"payload":{"local_timestamp":1733277638838,"message_id":254,"output":"    ","stderr":true},"type":"standard_output"}
{"payload":{"local_timestamp":1733277638838,"message_id":255,"output":"loader = Loader(stream)","stderr":true},"type":"standard_output"}
{"payload":{"local_timestamp":1733277638838,"message_id":256,"output":"\n","stderr":true},"type":"standard_output"}
{"payload":{"local_timestamp":1733277638838,"message_id":257,"output":" ","stderr":true},"type":"standard_output"}
{"payload":{"local_timestamp":1733277638838,"message_id":258,"output":" ","stderr":true},"type":"standard_output"}
{"payload":{"local_timestamp":1733277638838,"message_id":259,"output":" ","stderr":true},"type":"standard_output"}
{"payload":{"local_timestamp":1733277638838,"message_id":260,"output":" ","stderr":true},"type":"standard_output"}
{"payload":{"local_timestamp":1733277638838,"message_id":261,"output":" ","stderr":true},"type":"standard_output"}
{"payload":{"local_timestamp":1733277638838,"message_id":262,"output":" ","stderr":true},"type":"standard_output"}
{"payload":{"local_timestamp":1733277638838,"message_id":263,"output":" ","stderr":true},"type":"standard_output"}
{"payload":{"local_timestamp":1733277638838,"message_id":264,"output":" ","stderr":true},"type":"standard_output"}
{"payload":{"local_timestamp":1733277638838,"message_id":265,"output":" ","stderr":true},"type":"standard_output"}
{"payload":{"local_timestamp":1733277638838,"message_id":266,"output":" ","stderr":true},"type":"standard_output"}
{"payload":{"local_timestamp":1733277638838,"message_id":267,"output":" ","stderr":true},"type":"standard_output"}
{"payload":{"local_timestamp":1733277638838,"message_id":268,"output":" ","stderr":true},"type":"standard_output"}
{"payload":{"local_timestamp":1733277638838,"message_id":269,"output":" ","stderr":true},"type":"standard_output"}
{"payload":{"local_timestamp":1733277638838,"message_id":270,"output":"^","stderr":true},"type":"standard_output"}
{"payload":{"local_timestamp":1733277638838,"message_id":271,"output":"^","stderr":true},"type":"standard_output"}
{"payload":{"local_timestamp":1733277638838,"message_id":272,"output":"^","stderr":true},"type":"standard_output"}
{"payload":{"local_timestamp":1733277638838,"message_id":273,"output":"^","stderr":true},"type":"standard_output"}
{"payload":{"local_timestamp":1733277638838,"message_id":274,"output":"^","stderr":true},"type":"standard_output"}
{"payload":{"local_timestamp":1733277638838,"message_id":275,"output":"^","stderr":true},"type":"standard_output"}
{"payload":{"local_timestamp":1733277638838,"message_id":276,"output":"^","stderr":true},"type":"standard_output"}
{"payload":{"local_timestamp":1733277638838,"message_id":277,"output":"^","stderr":true},"type":"standard_output"}
{"payload":{"local_timestamp":1733277638838,"message_id":278,"output":"^","stderr":true},"type":"standard_output"}
{"payload":{"local_timestamp":1733277638838,"message_id":279,"output":"^","stderr":true},"type":"standard_output"}
{"payload":{"local_timestamp":1733277638838,"message_id":280,"output":"^","stderr":true},"type":"standard_output"}
{"payload":{"local_timestamp":1733277638838,"message_id":281,"output":"^","stderr":true},"type":"standard_output"}
{"payload":{"local_timestamp":1733277638838,"message_id":282,"output":"^","stderr":true},"type":"standard_output"}
{"payload":{"local_timestamp":1733277638838,"message_id":283,"output":"^","stderr":true},"type":"standard_output"}
{"payload":{"local_timestamp":1733277638840,"message_id":284,"output":"\n","stderr":true},"type":"standard_output"}
{"payload":{"local_timestamp":1733277638840,"message_id":285,"output":"  File \"C:\\Users\\Wyatt\\AppData\\Local\\Packages\\PythonSoftwareFoundation.Python.3.12_qbz5n2kfra8p0\\LocalCache\\local-packages\\Python312\\site-packages\\yaml\\loader.py\", line 34, in __init__\n","stderr":true},"type":"standard_output"}
{"payload":{"local_timestamp":1733277638840,"message_id":286,"output":"    ","stderr":true},"type":"standard_output"}
{"payload":{"local_timestamp":1733277638840,"message_id":287,"output":"Reader.__init__(self, stream)","stderr":true},"type":"standard_output"}
{"payload":{"local_timestamp":1733277638840,"message_id":288,"output":"\n","stderr":true},"type":"standard_output"}
{"payload":{"local_timestamp":1733277638840,"message_id":289,"output":"  File \"C:\\Users\\Wyatt\\AppData\\Local\\Packages\\PythonSoftwareFoundation.Python.3.12_qbz5n2kfra8p0\\LocalCache\\local-packages\\Python312\\site-packages\\yaml\\reader.py\", line 85, in __init__\n","stderr":true},"type":"standard_output"}
{"payload":{"local_timestamp":1733277638841,"message_id":290,"output":"    ","stderr":true},"type":"standard_output"}
{"payload":{"local_timestamp":1733277638841,"message_id":291,"output":"self.determine_encoding()","stderr":true},"type":"standard_output"}
{"payload":{"local_timestamp":1733277638841,"message_id":292,"output":"\n","stderr":true},"type":"standard_output"}
{"payload":{"local_timestamp":1733277638841,"message_id":293,"output":"  File \"C:\\Users\\Wyatt\\AppData\\Local\\Packages\\PythonSoftwareFoundation.Python.3.12_qbz5n2kfra8p0\\LocalCache\\local-packages\\Python312\\site-packages\\yaml\\reader.py\", line 124, in determine_encoding\n","stderr":true},"type":"standard_output"}
{"payload":{"local_timestamp":1733277638842,"message_id":294,"output":"    ","stderr":true},"type":"standard_output"}
{"payload":{"local_timestamp":1733277638842,"message_id":295,"output":"self.update_raw()","stderr":true},"type":"standard_output"}
{"payload":{"local_timestamp":1733277638842,"message_id":296,"output":"\n","stderr":true},"type":"standard_output"}
{"payload":{"local_timestamp":1733277638843,"message_id":297,"output":"  File \"C:\\Users\\Wyatt\\AppData\\Local\\Packages\\PythonSoftwareFoundation.Python.3.12_qbz5n2kfra8p0\\LocalCache\\local-packages\\Python312\\site-packages\\yaml\\reader.py\", line 178, in update_raw\n","stderr":true},"type":"standard_output"}
{"payload":{"local_timestamp":1733277638843,"message_id":298,"output":"    ","stderr":true},"type":"standard_output"}
{"payload":{"local_timestamp":1733277638843,"message_id":299,"output":"data = self.stream.read(size)","stderr":true},"type":"standard_output"}
{"payload":{"local_timestamp":1733277638843,"message_id":300,"output":"\n","stderr":true},"type":"standard_output"}
{"payload":{"local_timestamp":1733277638843,"message_id":301,"output":" ","stderr":true},"type":"standard_output"}
{"payload":{"local_timestamp":1733277638843,"message_id":302,"output":" ","stderr":true},"type":"standard_output"}
{"payload":{"local_timestamp":1733277638843,"message_id":303,"output":" ","stderr":true},"type":"standard_output"}
{"payload":{"local_timestamp":1733277638843,"message_id":304,"output":" ","stderr":true},"type":"standard_output"}
{"payload":{"local_timestamp":1733277638843,"message_id":305,"output":" ","stderr":true},"type":"standard_output"}
{"payload":{"local_timestamp":1733277638843,"message_id":306,"output":" ","stderr":true},"type":"standard_output"}
{"payload":{"local_timestamp":1733277638843,"message_id":307,"output":" ","stderr":true},"type":"standard_output"}
{"payload":{"local_timestamp":1733277638843,"message_id":308,"output":" ","stderr":true},"type":"standard_output"}
{"payload":{"local_timestamp":1733277638843,"message_id":309,"output":" ","stderr":true},"type":"standard_output"}
{"payload":{"local_timestamp":1733277638843,"message_id":310,"output":" ","stderr":true},"type":"standard_output"}
{"payload":{"local_timestamp":1733277638843,"message_id":311,"output":" ","stderr":true},"type":"standard_output"}
{"payload":{"local_timestamp":1733277638843,"message_id":312,"output":"^","stderr":true},"type":"standard_output"}
{"payload":{"local_timestamp":1733277638843,"message_id":313,"output":"^","stderr":true},"type":"standard_output"}
{"payload":{"local_timestamp":1733277638843,"message_id":314,"output":"^","stderr":true},"type":"standard_output"}
{"payload":{"local_timestamp":1733277638843,"message_id":315,"output":"^","stderr":true},"type":"standard_output"}
{"payload":{"local_timestamp":1733277638843,"message_id":316,"output":"^","stderr":true},"type":"standard_output"}
{"payload":{"local_timestamp":1733277638843,"message_id":317,"output":"^","stderr":true},"type":"standard_output"}
{"payload":{"local_timestamp":1733277638843,"message_id":318,"output":"^","stderr":true},"type":"standard_output"}
{"payload":{"local_timestamp":1733277638843,"message_id":319,"output":"^","stderr":true},"type":"standard_output"}
{"payload":{"local_timestamp":1733277638843,"message_id":320,"output":"^","stderr":true},"type":"standard_output"}
{"payload":{"local_timestamp":1733277638843,"message_id":321,"output":"^","stderr":true},"type":"standard_output"}
{"payload":{"local_timestamp":1733277638843,"message_id":322,"output":"^","stderr":true},"type":"standard_output"}
{"payload":{"local_timestamp":1733277638843,"message_id":323,"output":"^","stderr":true},"type":"standard_output"}
{"payload":{"local_timestamp":1733277638843,"message_id":324,"output":"^","stderr":true},"type":"standard_output"}
{"payload":{"local_timestamp":1733277638843,"message_id":325,"output":"^","stderr":true},"type":"standard_output"}
{"payload":{"local_timestamp":1733277638843,"message_id":326,"output":"^","stderr":true},"type":"standard_output"}
{"payload":{"local_timestamp":1733277638843,"message_id":327,"output":"^","stderr":true},"type":"standard_output"}
{"payload":{"local_timestamp":1733277638843,"message_id":328,"output":"^","stderr":true},"type":"standard_output"}
{"payload":{"local_timestamp":1733277638843,"message_id":329,"output":"^","stderr":true},"type":"standard_output"}
{"payload":{"local_timestamp":1733277638843,"message_id":330,"output":"^","stderr":true},"type":"standard_output"}
{"payload":{"local_timestamp":1733277638843,"message_id":331,"output":"^","stderr":true},"type":"standard_output"}
{"payload":{"local_timestamp":1733277638843,"message_id":332,"output":"^","stderr":true},"type":"standard_output"}
{"payload":{"local_timestamp":1733277638843,"message_id":333,"output":"^","stderr":true},"type":"standard_output"}
{"payload":{"local_timestamp":1733277638844,"message_id":334,"output":"\n","stderr":true},"type":"standard_output"}
{"payload":{"local_timestamp":1733277638844,"message_id":335,"output":"  File \"C:\\Program Files\\WindowsApps\\PythonSoftwareFoundation.Python.3.12_3.12.2032.0_x64__qbz5n2kfra8p0\\Lib\\encodings\\cp1252.py\", line 23, in decode\n","stderr":true},"type":"standard_output"}
{"payload":{"local_timestamp":1733277638844,"message_id":336,"output":"    ","stderr":true},"type":"standard_output"}
{"payload":{"local_timestamp":1733277638844,"message_id":337,"output":"return codecs.charmap_decode(input,self.errors,decoding_table)[0]","stderr":true},"type":"standard_output"}
{"payload":{"local_timestamp":1733277638844,"message_id":338,"output":"\n","stderr":true},"type":"standard_output"}
{"payload":{"local_timestamp":1733277638844,"message_id":339,"output":" ","stderr":true},"type":"standard_output"}
{"payload":{"local_timestamp":1733277638844,"message_id":340,"output":" ","stderr":true},"type":"standard_output"}
{"payload":{"local_timestamp":1733277638844,"message_id":341,"output":" ","stderr":true},"type":"standard_output"}
{"payload":{"local_timestamp":1733277638844,"message_id":342,"output":" ","stderr":true},"type":"standard_output"}
{"payload":{"local_timestamp":1733277638844,"message_id":343,"output":" ","stderr":true},"type":"standard_output"}
{"payload":{"local_timestamp":1733277638844,"message_id":344,"output":" ","stderr":true},"type":"standard_output"}
{"payload":{"local_timestamp":1733277638844,"message_id":345,"output":" ","stderr":true},"type":"standard_output"}
{"payload":{"local_timestamp":1733277638844,"message_id":346,"output":" ","stderr":true},"type":"standard_output"}
{"payload":{"local_timestamp":1733277638844,"message_id":347,"output":" ","stderr":true},"type":"standard_output"}
{"payload":{"local_timestamp":1733277638844,"message_id":348,"output":" ","stderr":true},"type":"standard_output"}
{"payload":{"local_timestamp":1733277638844,"message_id":349,"output":" ","stderr":true},"type":"standard_output"}
{"payload":{"local_timestamp":1733277638844,"message_id":350,"output":"^","stderr":true},"type":"standard_output"}
{"payload":{"local_timestamp":1733277638844,"message_id":351,"output":"^","stderr":true},"type":"standard_output"}
{"payload":{"local_timestamp":1733277638844,"message_id":352,"output":"^","stderr":true},"type":"standard_output"}
{"payload":{"local_timestamp":1733277638844,"message_id":353,"output":"^","stderr":true},"type":"standard_output"}
{"payload":{"local_timestamp":1733277638844,"message_id":354,"output":"^","stderr":true},"type":"standard_output"}
{"payload":{"local_timestamp":1733277638844,"message_id":355,"output":"^","stderr":true},"type":"standard_output"}
{"payload":{"local_timestamp":1733277638844,"message_id":356,"output":"^","stderr":true},"type":"standard_output"}
{"payload":{"local_timestamp":1733277638844,"message_id":357,"output":"^","stderr":true},"type":"standard_output"}
{"payload":{"local_timestamp":1733277638844,"message_id":358,"output":"^","stderr":true},"type":"standard_output"}
{"payload":{"local_timestamp":1733277638844,"message_id":359,"output":"^","stderr":true},"type":"standard_output"}
{"payload":{"local_timestamp":1733277638844,"message_id":360,"output":"^","stderr":true},"type":"standard_output"}
{"payload":{"local_timestamp":1733277638844,"message_id":361,"output":"^","stderr":true},"type":"standard_output"}
{"payload":{"local_timestamp":1733277638844,"message_id":362,"output":"^","stderr":true},"type":"standard_output"}
{"payload":{"local_timestamp":1733277638844,"message_id":363,"output":"^","stderr":true},"type":"standard_output"}
{"payload":{"local_timestamp":1733277638844,"message_id":364,"output":"^","stderr":true},"type":"standard_output"}
{"payload":{"local_timestamp":1733277638844,"message_id":365,"output":"^","stderr":true},"type":"standard_output"}
{"payload":{"local_timestamp":1733277638844,"message_id":366,"output":"^","stderr":true},"type":"standard_output"}
{"payload":{"local_timestamp":1733277638844,"message_id":367,"output":"^","stderr":true},"type":"standard_output"}
{"payload":{"local_timestamp":1733277638844,"message_id":368,"output":"^","stderr":true},"type":"standard_output"}
{"payload":{"local_timestamp":1733277638844,"message_id":369,"output":"^","stderr":true},"type":"standard_output"}
{"payload":{"local_timestamp":1733277638844,"message_id":370,"output":"^","stderr":true},"type":"standard_output"}
{"payload":{"local_timestamp":1733277638844,"message_id":371,"output":"^","stderr":true},"type":"standard_output"}
{"payload":{"local_timestamp":1733277638844,"message_id":372,"output":"^","stderr":true},"type":"standard_output"}
{"payload":{"local_timestamp":1733277638844,"message_id":373,"output":"^","stderr":true},"type":"standard_output"}
{"payload":{"local_timestamp":1733277638844,"message_id":374,"output":"^","stderr":true},"type":"standard_output"}
{"payload":{"local_timestamp":1733277638844,"message_id":375,"output":"^","stderr":true},"type":"standard_output"}
{"payload":{"local_timestamp":1733277638844,"message_id":376,"output":"^","stderr":true},"type":"standard_output"}
{"payload":{"local_timestamp":1733277638844,"message_id":377,"output":"^","stderr":true},"type":"standard_output"}
{"payload":{"local_timestamp":1733277638844,"message_id":378,"output":"^","stderr":true},"type":"standard_output"}
{"payload":{"local_timestamp":1733277638844,"message_id":379,"output":"^","stderr":true},"type":"standard_output"}
{"payload":{"local_timestamp":1733277638844,"message_id":380,"output":"^","stderr":true},"type":"standard_output"}
{"payload":{"local_timestamp":1733277638844,"message_id":381,"output":"^","stderr":true},"type":"standard_output"}
{"payload":{"local_timestamp":1733277638845,"message_id":382,"output":"^","stderr":true},"type":"standard_output"}
{"payload":{"local_timestamp":1733277638845,"message_id":383,"output":"^","stderr":true},"type":"standard_output"}
{"payload":{"local_timestamp":1733277638845,"message_id":384,"output":"^","stderr":true},"type":"standard_output"}
{"payload":{"local_timestamp":1733277638845,"message_id":385,"output":"^","stderr":true},"type":"standard_output"}
{"payload":{"local_timestamp":1733277638845,"message_id":386,"output":"^","stderr":true},"type":"standard_output"}
{"payload":{"local_timestamp":1733277638845,"message_id":387,"output":"^","stderr":true},"type":"standard_output"}
{"payload":{"local_timestamp":1733277638845,"message_id":388,"output":"^","stderr":true},"type":"standard_output"}
{"payload":{"local_timestamp":1733277638845,"message_id":389,"output":"^","stderr":true},"type":"standard_output"}
{"payload":{"local_timestamp":1733277638845,"message_id":390,"output":"^","stderr":true},"type":"standard_output"}
{"payload":{"local_timestamp":1733277638845,"message_id":391,"output":"^","stderr":true},"type":"standard_output"}
{"payload":{"local_timestamp":1733277638845,"message_id":392,"output":"^","stderr":true},"type":"standard_output"}
{"payload":{"local_timestamp":1733277638845,"message_id":393,"output":"^","stderr":true},"type":"standard_output"}
{"payload":{"local_timestamp":1733277638845,"message_id":394,"output":"^","stderr":true},"type":"standard_output"}
{"payload":{"local_timestamp":1733277638845,"message_id":395,"output":"^","stderr":true},"type":"standard_output"}
{"payload":{"local_timestamp":1733277638845,"message_id":396,"output":"^","stderr":true},"type":"standard_output"}
{"payload":{"local_timestamp":1733277638845,"message_id":397,"output":"^","stderr":true},"type":"standard_output"}
{"payload":{"local_timestamp":1733277638845,"message_id":398,"output":"^","stderr":true},"type":"standard_output"}
{"payload":{"local_timestamp":1733277638845,"message_id":399,"output":"^","stderr":true},"type":"standard_output"}
{"payload":{"local_timestamp":1733277638845,"message_id":400,"output":"^","stderr":true},"type":"standard_output"}
{"payload":{"local_timestamp":1733277638845,"message_id":401,"output":"^","stderr":true},"type":"standard_output"}
{"payload":{"local_timestamp":1733277638845,"message_id":402,"output":"^","stderr":true},"type":"standard_output"}
{"payload":{"local_timestamp":1733277638845,"message_id":403,"output":"^","stderr":true},"type":"standard_output"}
{"payload":{"local_timestamp":1733277638845,"message_id":404,"output":"^","stderr":true},"type":"standard_output"}
{"payload":{"local_timestamp":1733277638845,"message_id":405,"output":"\n","stderr":true},"type":"standard_output"}
{"payload":{"local_timestamp":1733277638845,"message_id":406,"output":"UnicodeDecodeError","stderr":true},"type":"standard_output"}
{"payload":{"local_timestamp":1733277638845,"message_id":407,"output":": ","stderr":true},"type":"standard_output"}
{"payload":{"local_timestamp":1733277638845,"message_id":408,"output":"'charmap' codec can't decode byte 0x90 in position 303: character maps to <undefined>","stderr":true},"type":"standard_output"}
{"payload":{"local_timestamp":1733277638845,"message_id":409,"output":"\n","stderr":true},"type":"standard_output"}
{"payload":{"local_timestamp":1733277638847,"message_id":410,"output":"\u001b[1;38;5;39mCOMET INFO:\u001b[0m The process of logging environment details (conda environment, git patch) is underway. Please be patient as this may take some time.\n","stderr":true},"type":"standard_output"}
{"payload":{"git_metadata":{"branch":"refs/heads/main","origin":"https://github.com/wprobst1/4273Project2.git","parent":"ea09a8281f451de007be1b5af011923675752387","repo_name":"4273Project2","root":"dd6599417a34c25d3cbccb47e3ea068aee289a13","status":null,"user":"wprobst1"},"message_id":411},"type":"git_metadata"}
{"payload":{"local_timestamp":1733277638892,"message_id":412,"output":"\u001b[1;38;5;39mCOMET INFO:\u001b[0m ---------------------------------------------------------------------------------------\n","stderr":true},"type":"standard_output"}
{"payload":{"local_timestamp":1733277638892,"message_id":413,"output":"\u001b[1;38;5;39mCOMET INFO:\u001b[0m Comet.ml OfflineExperiment Summary\n","stderr":true},"type":"standard_output"}
{"payload":{"local_timestamp":1733277638892,"message_id":414,"output":"\u001b[1;38;5;39mCOMET INFO:\u001b[0m ---------------------------------------------------------------------------------------\n","stderr":true},"type":"standard_output"}
{"payload":{"local_timestamp":1733277638892,"message_id":415,"output":"\u001b[1;38;5;39mCOMET INFO:\u001b[0m   Data:\n","stderr":true},"type":"standard_output"}
{"payload":{"local_timestamp":1733277638893,"message_id":416,"output":"\u001b[1;38;5;39mCOMET INFO:\u001b[0m     display_summary_level : 1\n","stderr":true},"type":"standard_output"}
{"payload":{"local_timestamp":1733277638893,"message_id":417,"output":"\u001b[1;38;5;39mCOMET INFO:\u001b[0m     name                  : exp\n","stderr":true},"type":"standard_output"}
{"payload":{"local_timestamp":1733277638893,"message_id":418,"output":"\u001b[1;38;5;39mCOMET INFO:\u001b[0m     url                   : [OfflineExperiment will get URL after upload]\n","stderr":true},"type":"standard_output"}
{"payload":{"local_timestamp":1733277638893,"message_id":419,"output":"\u001b[1;38;5;39mCOMET INFO:\u001b[0m   Others:\n","stderr":true},"type":"standard_output"}
{"payload":{"local_timestamp":1733277638893,"message_id":420,"output":"\u001b[1;38;5;39mCOMET INFO:\u001b[0m     Name               : exp\n","stderr":true},"type":"standard_output"}
{"payload":{"local_timestamp":1733277638893,"message_id":421,"output":"\u001b[1;38;5;39mCOMET INFO:\u001b[0m     offline_experiment : True\n","stderr":true},"type":"standard_output"}
{"payload":{"local_timestamp":1733277638894,"message_id":422,"output":"\u001b[1;38;5;39mCOMET INFO:\u001b[0m   Uploads:\n","stderr":true},"type":"standard_output"}
{"payload":{"local_timestamp":1733277638894,"message_id":423,"output":"\u001b[1;38;5;39mCOMET INFO:\u001b[0m     environment details : 1\n","stderr":true},"type":"standard_output"}
{"payload":{"local_timestamp":1733277638894,"message_id":424,"output":"\u001b[1;38;5;39mCOMET INFO:\u001b[0m     git metadata        : 1\n","stderr":true},"type":"standard_output"}
{"payload":{"local_timestamp":1733277638894,"message_id":425,"output":"\u001b[1;38;5;39mCOMET INFO:\u001b[0m     installed packages  : 1\n","stderr":true},"type":"standard_output"}
{"payload":{"local_timestamp":1733277638894,"message_id":426,"output":"\u001b[1;38;5;39mCOMET INFO:\u001b[0m \n","stderr":true},"type":"standard_output"}
